{
  "project_info": {
    "project_number": "327599398520",
    "project_id": "odiseaespacial-53bfb",
    "storage_bucket": "odiseaespacial-53bfb.appspot.com"
  },
  "client": [
    {
      "client_info": {
        "mobilesdk_app_id": "1:327599398520:android:13640b56faaab042acd78d",
        "android_client_info": {
          "package_name": "com.spygames.odiseaespacial"
        }
      },
      "oauth_client": [
        {
          "client_id": "327599398520-3mhog7nkasipiui8idgsrfup0dar6alo.apps.googleusercontent.com",
          "client_type": 3
        }
      ],
      "api_key": [
        {
          "current_key": "AIzaSyC5-HdwLpwc6BNSMaOIfTgLRMTVaIXv_Ts"
        }
      ],
      "services": {
        "appinvite_service": {
          "other_platform_oauth_client": [
            {
              "client_id": "327599398520-3mhog7nkasipiui8idgsrfup0dar6alo.apps.googleusercontent.com",
              "client_type": 3
            }
          ]
        }
      }
    }
  ],
  "configuration_version": "1"
}